source,month,uer
1,1921.41666666667,0.0540356181855264
1,1921.5,0.0538336784368783
1,1921.58333333333,0.0535980820634521
1,1921.66666666667,0.0533288290652509
1,1921.75,0.0530259194422758
1,1921.83333333333,0.0526893531945265
1,1921.91666666667,0.0523191303220038
1,1922,0.0519152508246985
1,1922.08333333333,0.0513817992467214
1,1922.16666666667,0.0507187755880616
1,1922.25,0.0499261798487175
1,1922.33333333333,0.0490040120286977
1,1922.41666666667,0.0479522721280034
1,1922.5,0.0467709601466212
1,1922.58333333333,0.0454600760845628
1,1922.66666666667,0.0440196199418281
1,1922.75,0.0424495917184081
1,1922.83333333333,0.0407499914143107
1,1922.91666666667,0.0389208190295322
1,1923,0.0369620745640763
1,1923.08333333333,0.0353353646019476
1,1923.16666666667,0.0340406891431408
1,1923.25,0.0330780481876677
1,1923.33333333333,0.0324474417355155
1,1923.41666666667,0.032148869786689
1,1923.5,0.0321823323411931
1,1923.58333333333,0.0325478293990228
1,1923.66666666667,0.0332453609601803
1,1923.75,0.034274927024659
1,1923.83333333333,0.0356365275924717
1,1923.91666666667,0.0373301626636057
1,1924,0.0393558322380694
1,1924.08333333333,0.0411841890056363
1,1924.16666666667,0.042815232966316
1,1924.25,0.0442489641201053
1,1924.33333333333,0.0454853824669961
1,1924.41666666667,0.0465244880069964
1,1924.5,0.0473662807401065
1,1924.58333333333,0.0480107606663228
1,1924.66666666667,0.0484579277856473
1,1924.75,0.0487077820980797
1,1924.83333333333,0.0487603236036219
1,1924.91666666667,0.0486155523022689
1,1925,0.0482734681940274
1,1925.08333333333,0.0478670962844398
1,1925.16666666667,0.0473964365735109
1,1925.25,0.0468614890612384
1,1925.33333333333,0.0462622537476235
1,1925.41666666667,0.045598730632665
1,1925.5,0.0448709197163639
1,1925.58333333333,0.0440788209987209
1,1925.66666666667,0.0432224344797327
1,1925.75,0.0423017601594013
1,1925.83333333333,0.041316798037732
1,1925.91666666667,0.0402675481147166
1,1926,0.0391540103903591
1,1926.08333333333,0.0380102262923035
1,1926.16666666667,0.0368361958205584
1,1926.25,0.0356319189751189
1,1926.33333333333,0.034397395755985
1,1926.41666666667,0.0331326261631574
1,1926.5,0.0318376101966336
1,1926.58333333333,0.0305123478564202
1,1926.66666666667,0.0291568391425071
1,1926.75,0.0277710840549048
1,1926.83333333333,0.0263550825936047
1,1926.91666666667,0.0249088347586151
1,1927,0.0234323405499298
1,1927.08333333333,0.022120795555138
1,1927.16666666667,0.0209741997742449
1,1927.25,0.0199925532072473
1,1927.33333333333,0.0191758558541465
1,1927.41666666667,0.0185241077149432
1,1927.5,0.0180373087896352
1,1927.58333333333,0.0177154590782178
1,1927.66666666667,0.0175585585807052
1,1927.75,0.0175666072970826
1,1927.83333333333,0.0177396052273567
1,1927.91666666667,0.0180775523715335
1,1928,0.0185804487295974
1,1928.08333333333,0.0190743920933037
1,1928.16666666667,0.019559382462645
1,1928.25,0.0200354198376292
1,1928.33333333333,0.0205025042182518
1,1928.41666666667,0.0209606356045101
1,1928.5,0.0214098139964088
1,1928.58333333333,0.0218500393939387
1,1928.66666666667,0.0222813117971151
1,1928.75,0.0227036312059256
1,1928.83333333333,0.0231169976203727
1,1928.91666666667,0.0235214110404605
1,1929,0.0239168714661855
1,1929.08333333333,0.0248429773964839
1,1929.16666666667,0.0262997288313599
1,1929.25,0.0282871257708033
1,1929.33333333333,0.0308051682148258
1,1929.41666666667,0.0338538561634165
1,1929.5,0.0374331896165853
1,1929.58333333333,0.0415431685743235
1,1929.66666666667,0.0461837930366419
1,1929.75,0.0513550630035292
1,1929.83333333333,0.0570569784749887
1,1929.91666666667,0.0632895394510307
1,1930,0.0700527459316384
1,1930.08333333333,0.0761839540944165
1,1930.16666666667,0.0816831639393632
1,1930.25,0.0865503754664802
1,1930.33333333333,0.0907855886757641
1,1930.41666666667,0.0943888035672177
1,1930.5,0.0973600201408392
1,1930.58333333333,0.0996992383966325
1,1930.66666666667,0.101406458334591
1,1930.75,0.102481679954718
1,1930.83333333333,0.102924903257013
1,1930.91666666667,0.102736128241482
1,1931,0.101915354908117
1,1931.08333333333,0.101733003410786
1,1931.16666666667,0.102189073749482
1,1931.25,0.103283565924208
1,1931.33333333333,0.105016479934967
1,1931.41666666667,0.107387815781756
1,1931.5,0.110397573464579
1,1931.58333333333,0.114045752983432
1,1931.66666666667,0.118332354338311
1,1931.75,0.123257377529225
1,1931.83333333333,0.12882082255617
1,1931.91666666667,0.135022689419146
1,1932,0.14186297811815
1,1932.08333333333,0.148282047601939
1,1932.16666666667,0.154279897870516
1,1932.25,0.159856528923869
1,1932.33333333333,0.165011940762004
1,1932.41666666667,0.169746133384927
1,1932.5,0.174059106792632
1,1932.58333333333,0.17795086098512
1,1932.66666666667,0.181421395962389
1,1932.75,0.184470711724441
1,1932.83333333333,0.187098808271279
1,1932.91666666667,0.189305685602902
1,1933,0.191091343719304
1,1933.08333333333,0.192239688240203
1,1933.16666666667,0.192750719165596
1,1933.25,0.192624436495486
1,1933.33333333333,0.191860840229874
1,1933.41666666667,0.19045993036876
1,1933.5,0.18842170691214
1,1933.58333333333,0.185746169860018
1,1933.66666666667,0.182433319212393
1,1933.75,0.178483154969263
1,1933.83333333333,0.173895677130633
1,1933.91666666667,0.168670885696499
1,1934,0.162808780666857
1,1934.08333333333,0.157526758993701
1,1934.16666666667,0.152824820677023
1,1934.25,0.148702965716836
1,1934.33333333333,0.14516119411313
1,1934.41666666667,0.142199505865901
1,1934.5,0.139817900975159
1,1934.58333333333,0.138016379440899
1,1934.66666666667,0.136794941263125
1,1934.75,0.136153586441832
1,1934.83333333333,0.13609231497702
1,1934.91666666667,0.136611126868694
1,1935,0.137710022116846
1,1935.08333333333,0.138628083743392
1,1935.16666666667,0.139365311748327
1,1935.25,0.13992170613166
1,1935.33333333333,0.140297266893376
1,1935.41666666667,0.140491994033486
1,1935.5,0.140505887551984
1,1935.58333333333,0.140338947448874
1,1935.66666666667,0.139991173724158
1,1935.75,0.139462566377828
1,1935.83333333333,0.138753125409891
1,1935.91666666667,0.137862850820345
1,1936,0.13679174260919
1,1936.08333333333,0.135464460603022
1,1936.16666666667,0.133881004801841
1,1936.25,0.132041375205644
1,1936.33333333333,0.129945571814434
1,1936.41666666667,0.127593594628209
1,1936.5,0.124985443646974
1,1936.58333333333,0.122121118870725
1,1936.66666666667,0.119000620299462
1,1936.75,0.115623947933185
1,1936.83333333333,0.111991101771893
1,1936.91666666667,0.108102081815587
1,1937,0.103956888064273
1,1937.08333333333,0.100380666238882
1,1937.16666666667,0.0973734163394257
1,1937.25,0.0949351383658936
1,1937.33333333333,0.0930658323182971
1,1937.41666666667,0.0917654981966254
1,1937.5,0.0910341360008869
1,1937.58333333333,0.0908717457310751
1,1937.66666666667,0.0912783273871991
1,1937.75,0.0922538809692483
1,1937.83333333333,0.0937984064772262
1,1937.91666666667,0.0959119039111365
1,1938,0.0985943732709734
1,1938.08333333333,0.101077219662282
1,1938.16666666667,0.10336044308505
1,1938.25,0.105444043539286
1,1938.33333333333,0.107328021024983
1,1938.41666666667,0.109012375542152
1,1938.5,0.110497107090782
1,1938.58333333333,0.11178221567088
1,1938.66666666667,0.11286770128244
1,1938.75,0.113753563925467
1,1938.83333333333,0.11443980359996
1,1938.91666666667,0.114926420305916
1,1939,0.11521341404334
1,1939.08333333333,0.115325230538837
1,1939.16666666667,0.115261869792418
1,1939.25,0.115023331804075
1,1939.33333333333,0.114609616573808
1,1939.41666666667,0.114020724101621
1,1939.5,0.11325665438751
1,1939.58333333333,0.112317407431473
1,1939.66666666667,0.111202983233517
1,1939.75,0.109913381793637
1,1939.83333333333,0.108448603111834
1,1939.91666666667,0.106808647188112
1,1940,0.104993514022466
1,1940.08333333333,0.10290783092907
1,1940.16666666667,0.100551597907922
1,1940.25,0.0979248149590207
1,1940.33333333333,0.0950274820823713
1,1940.41666666667,0.0918595992779704
1,1940.5,0.0884211665458208
1,1940.58333333333,0.0847121838859166
1,1940.66666666667,0.0807326512982631
1,1940.75,0.0764825687828606
1,1940.83333333333,0.0719619363397032
1,1940.91666666667,0.0671707539687981
1,1941,0.062109021670143
1,1941.08333333333,0.0574823766010979
1,1941.16666666667,0.053290818761673
1,1941.25,0.0495343481518623
1,1941.33333333333,0.0462129647716631
1,1941.41666666667,0.043326668621081
1,1941.5,0.0408754597001129
1,1941.58333333333,0.0388593380087567
1,1941.66666666667,0.037278303547017
1,1941.75,0.0361323563148918
1,1941.83333333333,0.0354214963123855
1,1941.91666666667,0.0351457235394877
1,1942,0.0353050379962107
1,1942.08333333333,0.035299110081958
1,1942.16666666667,0.0351279397967341
1,1942.25,0.0347915271405388
1,1942.33333333333,0.0342898721133723
1,1942.41666666667,0.0336229747152365
1,1942.5,0.0327908349461274
1,1942.58333333333,0.0317934528060456
1,1942.66666666667,0.0306308282949941
1,1942.75,0.0293029614129703
1,1942.83333333333,0.0278098521599774
1,1942.91666666667,0.0261515005360119
1,1943,0.0243279065410743
1,1943.08333333333,0.0226690465082816
1,1943.16666666667,0.0211749204376289
1,1943.25,0.0198455283291279
1,1943.33333333333,0.0186808701827664
1,1943.41666666667,0.0176809459985443
1,1943.5,0.016845755776471
1,1943.58333333333,0.0161752995165404
1,1943.66666666667,0.0156695772187541
1,1943.75,0.0153285888831108
1,1943.83333333333,0.0151523345096133
1,1943.91666666667,0.0151408140982605
1,1944,0.0152940276490448
1,1944.08333333333,0.0154244927168244
1,1944.16666666667,0.0155322093015978
1,1944.25,0.0156171774033605
1,1944.33333333333,0.0156793970221149
1,1944.41666666667,0.015718868157862
1,1944.5,0.0157355908105952
1,1944.58333333333,0.0157295649803307
1,1944.66666666667,0.0157007906670503
1,1944.75,0.0156492678707622
1,1944.83333333333,0.0155749965914661
1,1944.91666666667,0.0154779768291631
1,1945,0.0153582085838496
1,1945.08333333333,0.015357897769251
1,1945.16666666667,0.0154770443853705
1,1945.25,0.0157156484322053
1,1945.33333333333,0.0160737099097521
1,1945.41666666667,0.0165512288180189
1,1945.5,0.0171482051569983
1,1945.58333333333,0.0178646389266926
1,1945.66666666667,0.0187005301271028
1,1945.75,0.0196558787582326
1,1945.83333333333,0.0207306848200738
1,1945.91666666667,0.0219249483126318
1,1946,0.0232386692359067
1,1946.08333333333,0.0243721421739817
1,1946.16666666667,0.0253253671268573
1,1946.25,0.0260983440945375
1,1946.33333333333,0.0266910730770157
1,1946.41666666667,0.0271035540742968
1,1946.5,0.0273357870863819
1,1946.58333333333,0.0273877721132681
1,1946.66666666667,0.0272595091549498
1,1946.75,0.02695099821144
1,1946.83333333333,0.0264622392827283
1,1946.91666666667,0.0257932323688176
1,1947,0.0249439774697133
1,1947.08333333333,0.0241287218213183
1,1947.16666666667,0.0233474654236415
1,1947.25,0.022600208276683
1,1947.33333333333,0.0218869503804376
1,1947.41666666667,0.0212076917349116
1,1947.5,0.0205624323401001
1,1947.58333333333,0.0199511721960012
1,1947.66666666667,0.0193739113026278
1,1947.75,0.0188306496599592
1,1947.83333333333,0.0183213872680101
1,1947.91666666667,0.0178461241267782
1,1948,0.0174048602362639
1,1948.08333333333,0.0170420894434307
1,1948.16666666667,0.0167578117482955
1,1948.25,0.0165520271508479
1,1948.33333333333,0.0164247356510892
1,1948.41666666667,0.0163759372490195
1,1948.5,0.0164056319446375
1,1948.58333333333,0.0165138197379474
1,1948.66666666667,0.0167005006289431
1,1948.75,0.0169656746176281
1,1948.83333333333,0.0173093417040066
1,1948.91666666667,0.0177315018880682
1,1949,0.0182321551698225
1,1949.08333333333,0.0187276112675395
1,1949.16666666667,0.0192178701812318
1,1949.25,0.0197029319108868
1,1949.33333333333,0.0201827964565077
1,1949.41666666667,0.0206574638180975
1,1949.5,0.0211269339956539
1,1949.58333333333,0.0215912069891759
1,1949.66666666667,0.0220502827986652
1,1949.75,0.022504161424121
1,1949.83333333333,0.0229528428655435
1,1949.91666666667,0.0233963271229369
1,1950,0.0238346141962952
1,1950.08333333333,0.0241321782304997
1,1950.16666666667,0.024289019225556
1,1950.25,0.024305137181465
1,1950.33333333333,0.0241805320982223
1,1950.41666666667,0.0239152039758318
1,1950.5,0.0235091528142823
1,1950.58333333333,0.0229623786135926
1,1950.66666666667,0.0222748813737479
1,1950.75,0.021446661094754
1,1950.83333333333,0.02047771777661
1,1950.91666666667,0.0193680514193186
1,1951,0.0181176620228741
1,1951.08333333333,0.01704995834633
1,1951.16666666667,0.0161649403896836
1,1951.25,0.0154626081529335
1,1951.33333333333,0.0149429616360843
1,1951.41666666667,0.0146060008391345
1,1951.5,0.0144517257620832
1,1951.58333333333,0.0144801364049277
1,1951.66666666667,0.014691232767673
1,1951.75,0.0150850148503124
1,1951.83333333333,0.0156614826528552
1,1951.91666666667,0.016420636175294
1,1952,0.0173624754176327
1,1952.08333333333,0.0181423828732396
1,1952.16666666667,0.0187603585421082
1,1952.25,0.0192164024242473
1,1952.33333333333,0.0195105145196536
1,1952.41666666667,0.0196426948283256
1,1952.5,0.0196129433502627
1,1952.58333333333,0.0194212600854657
1,1952.66666666667,0.0190676450339388
1,1952.75,0.0185520981956794
1,1952.83333333333,0.0178746195706853
1,1952.91666666667,0.0170352091589537
1,1953,0.0160338669604941
1,1953.08333333333,0.0153395914668323
1,1953.16666666667,0.0149523826779706
1,1953.25,0.0148722405939075
1,1953.33333333333,0.0150991652146439
1,1953.41666666667,0.0156331565401837
1,1953.5,0.0164742145705208
1,1953.58333333333,0.0176223393056559
1,1953.66666666667,0.0190775307455938
1,1953.75,0.0208397888903266
1,1953.83333333333,0.0229091137398625
1,1953.91666666667,0.0252855052941991
1,1954,0.0279689635533329
1,1954.08333333333,0.0302909182888899
1,1954.16666666667,0.0322513695008764
1,1954.25,0.0338503171892832
1,1954.33333333333,0.0350877613541158
1,1954.41666666667,0.0359637019953694
1,1954.5,0.0364781391130506
1,1954.58333333333,0.0366310727071517
1,1954.66666666667,0.0364225027776793
1,1954.75,0.0358524293246338
1,1954.83333333333,0.0349208523480077
1,1954.91666666667,0.0336277718478112
1,1955,0.0319731878240345
1,1955.08333333333,0.0304332249180249
1,1955.16666666667,0.0290078831297794
1,1955.25,0.0276971624593009
1,1955.33333333333,0.0265010629065888
1,1955.41666666667,0.0254195844716399
1,1955.5,0.0244527271544596
1,1955.58333333333,0.0236004909550423
1,1955.66666666667,0.0228628758733906
1,1955.75,0.0222398819095078
1,1955.83333333333,0.0217315090633848
1,1955.91666666667,0.0213377573350301
1,1956,0.0210586267244404
1,1956.08333333333,0.0208232181824022
1,1956.16666666667,0.02063153170892
1,1956.25,0.0204835673039873
1,1956.33333333333,0.0203793249676008
1,1956.41666666667,0.02031880469977
1,1956.5,0.0203020065004922
1,1956.58333333333,0.0203289303697655
1,1956.66666666667,0.0203995763075867
1,1956.75,0.0205139443139631
1,1956.83333333333,0.0206720343888915
1,1956.91666666667,0.0208738465323715
1,1957,0.0211193807444002
1,1957.08333333333,0.0216366677993464
1,1957.16666666667,0.0224257076972057
1,1957.25,0.0234865004379759
1,1957.33333333333,0.0248190460216616
1,1957.41666666667,0.0264233444482613
1,1957.5,0.0282993957177763
1,1957.58333333333,0.0304471998302033
1,1957.66666666667,0.0328667567855457
1,1957.75,0.0355580665837975
1,1957.83333333333,0.0385211292249664
1,1957.91666666667,0.0417559447090491
1,1958,0.0452625130360467
1,1958.08333333333,0.0482370752161359
1,1958.16666666667,0.050679631249329
1,1958.25,0.0525901811356187
1,1958.33333333333,0.0539687248750072
1,1958.41666666667,0.0548152624674913
1,1958.5,0.0551297939130711
1,1958.58333333333,0.054912319211751
1,1958.66666666667,0.0541628383635282
1,1958.75,0.0528813513683986
1,1958.83333333333,0.0510678582263727
1,1958.91666666667,0.0487223589374419
1,1959,0.0458448535016104
1,1959.08333333333,0.0433155655509028
1,1959.16666666667,0.041134495085319
1,1959.25,0.0393016421048631
1,1959.33333333333,0.0378170066095326
1,1959.41666666667,0.0366805885993253
1,1959.5,0.0358923880742451
1,1959.58333333333,0.0354524050342891
1,1959.66666666667,0.0353606394794584
1,1959.75,0.0356170914097547
1,1959.83333333333,0.0362217608251756
1,1959.91666666667,0.0371746477257214
1,1960,0.038475752111393
1,1960.08333333333,0.0397430956621326
1,1960.16666666667,0.0409766783779372
1,1960.25,0.0421765002588122
1,1960.33333333333,0.0433425613047482
1,1960.41666666667,0.0444748615157563
1,1960.5,0.0455734008918276
1,1960.58333333333,0.0466381794329707
1,1960.66666666667,0.047669197139176
1,1960.75,0.0486664540104517
1,1960.83333333333,0.0496299500467908
1,1960.91666666667,0.0505596852481984
1,1961,0.0514556596146775
1,1961.08333333333,0.0521818268637951
1,1961.16666666667,0.0527381869955634
1,1961.25,0.0531247400099757
1,1961.33333333333,0.0533414859070359
1,1961.41666666667,0.0533884246867395
1,1961.5,0.0532655563490895
1,1961.58333333333,0.0529728808940882
1,1961.66666666667,0.0525103983217293
1,1961.75,0.0518781086320181
1,1961.83333333333,0.0510760118249501
1,1961.91666666667,0.0501041079005322
1,1962,0.0489623968587591
1,1962.08333333333,0.0479273423989862
1,1962.16666666667,0.0469989445212128
1,1962.25,0.0461772032254405
1,1962.33333333333,0.0454621185116671
1,1962.41666666667,0.0448536903798974
1,1962.5,0.0443519188301269
1,1962.58333333333,0.0439568038623563
1,1962.66666666667,0.0436683454765882
1,1962.75,0.0434865436728187
1,1962.83333333333,0.0434113984510502
1,1962.91666666667,0.0434429098112825
1,1963,0.0435810777535148
1,1963.08333333333,0.0436821943348077
1,1963.16666666667,0.043746259555155
1,1963.25,0.0437732734145617
1,1963.33333333333,0.0437632359130263
1,1963.41666666667,0.0437161470505538
1,1963.5,0.0436320068271348
1,1963.58333333333,0.0435108152427741
1,1963.66666666667,0.0433525722974735
1,1963.75,0.0431572779912309
1,1963.83333333333,0.0429249323240446
1,1963.91666666667,0.0426555352959181
1,1964,0.0423490869068491
1,1964.08333333333,0.0420226369191644
1,1964.16666666667,0.0416761853328711
1,1964.25,0.0413097321479624
1,1964.33333333333,0.0409232773644373
1,1964.41666666667,0.0405168209823056
1,1964.5,0.0400903630015517
1,1964.58333333333,0.0396439034221906
1,1964.66666666667,0.0391774422442134
1,1964.75,0.0386909794676217
1,1964.83333333333,0.0381845150924188
1,1964.91666666667,0.0376580491186003
1,1965,0.037111581546169
1,1965.08333333333,0.0365538033906134
1,1965.16666666667,0.0359847146519359
1,1965.25,0.0354043153301314
1,1965.33333333333,0.0348126054252065
1,1965.41666666667,0.0342095849371575
1,1965.5,0.0335952538659838
1,1965.58333333333,0.0329696122116856
1,1965.66666666667,0.0323326599742674
1,1965.75,0.031684397153725
1,1965.83333333333,0.0310248237500536
1,1965.91666666667,0.0303539397632632
1,1966,0.029671745193348
1,1966.08333333333,0.0290980120755112
1,1966.16666666667,0.0286327404097527
1,1966.25,0.0282759301960738
1,1966.33333333333,0.0280275814344717
1,1966.41666666667,0.0278876941249489
1,1966.5,0.0278562682675043
1,1966.58333333333,0.0279333038621357
1,1966.66666666667,0.028118800908849
1,1966.75,0.028412759407639
1,1966.83333333333,0.0288151793585092
1,1966.91666666667,0.0293260607614568
1,1967,0.0299454036164825
1,1967.08333333333,0.0306090001084684
1,1967.16666666667,0.0313168502374154
1,1967.25,0.0320689540033227
1,1967.33333333333,0.0328653114061911
1,1967.41666666667,0.0337059224460173
1,1967.5,0.0345907871228058
1,1967.58333333333,0.035519905436557
1,1967.66666666667,0.0364932773872659
1,1967.75,0.0375109029749333
1,1967.83333333333,0.0385727821995678
1,1967.91666666667,0.0396789150611568
1,1968,0.0408293015597085
1,1968.08333333333,0.0418245069407054
1,1968.16666666667,0.0426645312041455
1,1968.25,0.0433493743500327
1,1968.33333333333,0.0438790363783655
1,1968.41666666667,0.0442535172891451
1,1968.5,0.0444728170823649
1,1968.58333333333,0.0445369357580318
1,1968.66666666667,0.0444458733161437
1,1968.75,0.0441996297567002
1,1968.83333333333,0.0437982050797028
1,1968.91666666667,0.0432415992851505
1,1969,0.0425298123730408
1,1969.08333333333,0.0420212265648622
1,1969.16666666667,0.041715841860609
1,1969.25,0.0416136582602753
1,1969.33333333333,0.0417146757638716
1,1969.41666666667,0.0420188943713934
1,1969.5,0.0425263140828403
1,1969.58333333333,0.0432369348982103
1,1969.66666666667,0.0441507568175112
1,1969.75,0.0452677798407355
1,1969.83333333333,0.0465880039678858
1,1969.91666666667,0.0481114291989605
1,1970,0.0498380555339639
1,1970.08333333333,0.0514164962447769
1,1970.16666666667,0.0528467513314052
1,1970.25,0.0541288207938466
1,1970.33333333333,0.0552627046321005
1,1970.41666666667,0.0562484028461678
1,1970.5,0.0570859154360443
1,1970.58333333333,0.0577752424017378
1,1970.66666666667,0.0583163837432417
1,1970.75,0.0587093394605611
1,1970.83333333333,0.0589541095536919
1,1970.91666666667,0.0590506940226412
1,1971,0.0589990928673958
1,1971.08333333333,0.0589739465717261
1,1971.16666666667,0.0589752551356273
1,1971.25,0.0590030185590982
1,1971.33333333333,0.0590572368421424
1,1971.41666666667,0.0591379099847572
1,1971.5,0.0592450379869426
1,1971.58333333333,0.0593786208487005
1,1971.66666666667,0.0595386585700289
1,1971.75,0.0597251511509306
1,1971.83333333333,0.0599380985914011
1,1971.91666666667,0.0601775008914434
1,1972,0.0604433580510565
1,1972.08333333333,0.0606214184933773
1,1972.16666666667,0.0607116822183969
1,1972.25,0.0607141492261189
1,1972.33333333333,0.0606288195165453
1,1972.41666666667,0.0604556930896699
1,1972.5,0.0601947699455033
1,1972.58333333333,0.0598460500840346
1,1972.66666666667,0.0594095335052685
1,1972.75,0.0588852202092073
1,1972.83333333333,0.0582731101958451
1,1972.91666666667,0.0575732034651872
1,1973,0.05678550001723
1,1973.08333333333,0.0559732942453547
1,1973.16666666667,0.055136586149554
1,1973.25,0.0542753757298356
1,1973.33333333333,0.053389662986194
1,1973.41666666667,0.0524794479186318
1,1973.5,0.0515447305271488
1,1973.58333333333,0.0505855108117457
1,1973.66666666667,0.0496017887724191
1,1973.75,0.0485935644091714
1,1973.83333333333,0.0475608377220008
1,1973.91666666667,0.0465036087109103
1,1974,0.0454218773758974
1,1974.08333333333,0.0446250129066229
1,1974.16666666667,0.0441130153030793
1,1974.25,0.0438858845652724
1,1974.33333333333,0.0439436206932036
1,1974.41666666667,0.0442862236868648
1,1974.5,0.0449136935462608
1,1974.58333333333,0.0458260302713921
1,1974.66666666667,0.0470232338622594
1,1974.75,0.0485053043188636
1,1974.83333333333,0.0502722416411997
1,1974.91666666667,0.0523240458292708
1,1975,0.0546607168830783
1,1975.08333333333,0.0567675832510517
1,1975.16666666667,0.0586446449331947
1,1975.25,0.0602919019295052
1,1975.33333333333,0.0617093542399832
1,1975.41666666667,0.0628970018646305
1,1975.5,0.0638548448034442
1,1975.58333333333,0.0645828830564272
1,1975.66666666667,0.0650811166235787
1,1975.75,0.0653495455048948
1,1975.83333333333,0.0653881697003808
1,1975.91666666667,0.065196989210036
1,1976,0.0647760040338554
1,1976.08333333333,0.0644372381766366
1,1976.16666666667,0.0641806916383731
1,1976.25,0.0640063644190648
1,1976.33333333333,0.0639142565187147
1,1976.41666666667,0.0639043679373194
1,1976.5,0.0639766986748834
1,1976.58333333333,0.064131248731403
1,1976.66666666667,0.0643680181068796
1,1976.75,0.0646870068013128
1,1976.83333333333,0.0650882148147052
1,1976.91666666667,0.0655716421470512
1,1977,0.0661372887983556
1,1977.08333333333,0.0667383947204059
1,1977.16666666667,0.0673749599132082
1,1977.25,0.0680469843767568
1,1977.33333333333,0.0687544681110502
1,1977.41666666667,0.0694974111160923
1,1977.5,0.0702758133918832
1,1977.58333333333,0.0710896749384202
1,1977.66666666667,0.0719389957557097
1,1977.75,0.0728237758437423
1,1977.83333333333,0.0737440152025255
1,1977.91666666667,0.0746997138320542
1,1978,0.0756908717323331
1,1978.08333333333,0.0764537231213996
1,1978.16666666667,0.0769882679992567
1,1978.25,0.0772945063659048
1,1978.33333333333,0.0773724382213416
1,1978.41666666667,0.0772220635655666
1,1978.5,0.0768433823985819
1,1978.58333333333,0.0762363947203922
1,1978.66666666667,0.0754011005309862
1,1978.75,0.0743374998303732
1,1978.83333333333,0.07304559261855
1,1978.91666666667,0.0715253788955157
1,1979,0.0697768586612721
1,1979.08333333333,0.0683078810547351
1,1979.16666666667,0.0671184460759137
1,1979.25,0.0662085537247971
1,1979.33333333333,0.0655782040013935
1,1979.41666666667,0.0652273969056989
1,1979.5,0.0651561324377148
1,1979.58333333333,0.0653644105974419
1,1979.66666666667,0.0658522313848775
1,1979.75,0.0666195948000229
1,1979.83333333333,0.0676665008428801
1,1979.91666666667,0.0689929495134481
1,1980,0.0705989408117215
1,1980.08333333333,0.0718915359161989
1,1980.16666666667,0.0728707348268759
1,1980.25,0.0735365375437559
1,1980.33333333333,0.0738889440668322
1,1980.41666666667,0.0739279543961113
1,1980.5,0.073653568531587
1,1980.58333333333,0.0730657864732678
1,1980.66666666667,0.0721646082211465
1,1980.75,0.0709500337752253
1,1980.83333333333,0.0694220631355042
1,1980.91666666667,0.0675806963019834
1,1981,0.0654259332746612
1,1981.08333333333,0.0638238899693945
1,1981.16666666667,0.062774566386185
1,1981.25,0.0622779625250255
1,1981.33333333333,0.0623340783859212
1,1981.41666666667,0.0629429139688692
1,1981.5,0.0641044692738709
1,1981.58333333333,0.0658187443009269
1,1981.66666666667,0.0680857390500383
1,1981.75,0.0709054535212013
1,1981.83333333333,0.0742778877144214
1,1981.91666666667,0.0782030416296893
1,1982,0.0826809152670167
1,1982.08333333333,0.0868302405992097
1,1982.16666666667,0.0906510176262752
1,1982.25,0.0941432463482079
1,1982.33333333333,0.0973069267650078
1,1982.41666666667,0.100142058876679
1,1982.5,0.102648642683219
1,1982.58333333333,0.104826678184624
1,1982.66666666667,0.106676165380903
1,1982.75,0.108197104272047
1,1982.83333333333,0.109389494858065
1,1982.91666666667,0.110253337138949
1,1983,0.110788631114703
1,1983.08333333333,0.111218283342988
1,1983.16666666667,0.111542293823803
1,1983.25,0.111760662557151
1,1983.33333333333,0.111873389543033
1,1983.41666666667,0.111880474781445
1,1983.5,0.111781918272387
1,1983.58333333333,0.111577720015863
1,1983.66666666667,0.111267880011868
1,1983.75,0.110852398260408
1,1983.83333333333,0.110331274761478
1,1983.91666666667,0.109704509515078
1,1984,0.10897210252121
1,1984.08333333333,0.10824793285371
1,1984.16666666667,0.107532000512577
1,1984.25,0.106824305497809
1,1984.33333333333,0.10612484780941
1,1984.41666666667,0.105433627447378
1,1984.5,0.104750644411711
1,1984.58333333333,0.104075898702413
1,1984.66666666667,0.103409390319479
1,1984.75,0.102751119262914
1,1984.83333333333,0.102101085532714
1,1984.91666666667,0.101459289128881
1,1985,0.100825730051418
1,1985.08333333333,0.10018609154212
1,1985.16666666667,0.0995403736009906
1,1985.25,0.0988885762280277
1,1985.33333333333,0.098230699423232
1,1985.41666666667,0.0975667431866047
1,1985.5,0.0968967075181429
1,1985.58333333333,0.0962205924178502
1,1985.66666666667,0.0955383978857252
1,1985.75,0.0948501239217665
1,1985.83333333333,0.0941557705259758
1,1985.91666666667,0.093455337698352
1,1986,0.0927488254388993
1,1986.08333333333,0.0920586486195025
1,1986.16666666667,0.0913848072401689
1,1986.25,0.0907273013008985
1,1986.33333333333,0.0900861308016868
1,1986.41666666667,0.0894612957425374
1,1986.5,0.0888527961234504
1,1986.58333333333,0.0882606319444223
1,1986.66666666667,0.0876848032054573
1,1986.75,0.0871253099065531
1,1986.83333333333,0.0865821520477089
1,1986.91666666667,0.086055329628929
1,1987,0.0855448426502075
1,1987.08333333333,0.0849351948770591
1,1987.16666666667,0.0842263863094803
1,1987.25,0.0834184169474729
1,1987.33333333333,0.0825112867910348
1,1987.41666666667,0.0815049958401687
1,1987.5,0.0803995440948734
1,1987.58333333333,0.0791949315551476
1,1987.66666666667,0.0778911582209935
1,1987.75,0.07648822409241
1,1987.83333333333,0.0749861291693991
1,1987.91666666667,0.0733848734519561
1,1988,0.0716844569400857
1,1988.08333333333,0.0701724431082939
1,1988.16666666667,0.0688488319565822
1,1988.25,0.0677136234849476
1,1988.33333333333,0.066766817693395
1,1988.41666666667,0.0660084145819194
1,1988.5,0.0654384141505242
1,1988.58333333333,0.0650568163992091
1,1988.66666666667,0.0648636213279726
1,1988.75,0.0648588289368139
1,1988.83333333333,0.0650424392257369
1,1988.91666666667,0.065414452194739
1,1989,0.0659748678438186
1,1989.08333333333,0.0664023057063081
1,1989.16666666667,0.066696765782208
1,1989.25,0.0668582480715166
1,1989.33333333333,0.0668867525742334
1,1989.41666666667,0.0667822792903607
1,1989.5,0.066544828219898
1,1989.58333333333,0.0661743993628419
1,1989.66666666667,0.0656709927191977
1,1989.75,0.0650346082889604
1,1989.83333333333,0.0642652460721351
1,1989.91666666667,0.0633629060687172
1,1990,0.0623275882787075
1,1990.08333333333,0.0616805715893864
1,1990.16666666667,0.0614218560007518
1,1990.25,0.0615514415128021
1,1990.33333333333,0.0620693281255384
1,1990.41666666667,0.0629755158389603
1,1990.5,0.064270004653069
1,1990.58333333333,0.0659527945678659
1,1990.66666666667,0.0680238855833466
1,1990.75,0.0704832776995151
1,1990.83333333333,0.0733309709163683
1,1990.91666666667,0.076566965233908
1,1991,0.080191260652134
1,1991.08333333333,0.0835358242611689
1,1991.16666666667,0.0866006560610159
1,1991.25,0.0893857560516726
1,1991.33333333333,0.0918911242331389
1,1991.41666666667,0.0941167606054154
1,1991.5,0.0960626651685024
1,1991.58333333333,0.0977288379224001
1,1991.66666666667,0.0991152788671058
1,1991.75,0.100221988002623
1,1991.83333333333,0.10104896532895
1,1991.91666666667,0.10159621084609
1,1992,0.101863724554036
1,1992.08333333333,0.102108945452987
1,1992.16666666667,0.102331873542944
1,1992.25,0.102532508823905
1,1992.33333333333,0.102710851295869
1,1992.41666666667,0.102866900958839
2,1946.41666666667,0.0351901555397977
2,1946.5,0.0343817480033294
2,1946.58333333333,0.0334386058774466
2,1946.66666666667,0.0323607291621526
2,1946.75,0.0311481178574492
2,1946.83333333333,0.0298007719633313
2,1946.91666666667,0.0283186914797979
2,1947,0.0267018764068576
2,1947.08333333333,0.0252608909770379
2,1947.16666666667,0.0239957351903319
2,1947.25,0.022906409046744
2,1947.33333333333,0.0219929125462749
2,1947.41666666667,0.0212552456889242
2,1947.5,0.0206934084746936
2,1947.58333333333,0.0203074009035736
2,1947.66666666667,0.0200972229755783
2,1947.75,0.0200628746907013
2,1947.83333333333,0.0202043560489402
2,1947.91666666667,0.0205216670502936
2,1948,0.0210148076947687
2,1948.08333333333,0.0214774414340973
2,1948.16666666667,0.0219095682682718
2,1948.25,0.0223111881972992
2,1948.33333333333,0.0226823012211804
2,1948.41666666667,0.0230229073399087
2,1948.5,0.0233330065534885
2,1948.58333333333,0.0236125988619194
2,1948.66666666667,0.0238616842652029
2,1948.75,0.0240802627633376
2,1948.83333333333,0.0242683343563211
2,1948.91666666667,0.0244258990441602
2,1949,0.0245529568268469
2,1949.08333333333,0.0247953247648501
2,1949.16666666667,0.0251530028581682
2,1949.25,0.0256259911068069
2,1949.33333333333,0.0262142895107563
2,1949.41666666667,0.0269178980700266
2,1949.5,0.0277368167846107
2,1949.58333333333,0.0286710456545114
2,1949.66666666667,0.0297205846797276
2,1949.75,0.0308854338602634
2,1949.83333333333,0.0321655931961107
2,1949.91666666667,0.033561062687278
2,1950,0.0350718423337609
2,1950.08333333333,0.0362729242016655
2,1950.16666666667,0.0371643082909903
2,1950.25,0.0377459946017467
2,1950.33333333333,0.0380179831339184
2,1950.41666666667,0.0379802738875169
2,1950.5,0.0376328668625373
2,1950.58333333333,0.0369757620589822
2,1950.66666666667,0.0360089594768495
2,1950.75,0.0347324591161398
2,1950.83333333333,0.0331462609768541
2,1950.91666666667,0.03125036505899
2,1951,0.0290447713625506
2,1951.08333333333,0.0271364920983294
2,1951.16666666667,0.0255255272663258
2,1951.25,0.024211876866539
2,1951.33333333333,0.0231955408989725
2,1951.41666666667,0.0224765193636212
2,1951.5,0.0220548122604917
2,1951.58333333333,0.0219304195895799
2,1951.66666666667,0.0221033413508824
2,1951.75,0.022573577544408
2,1951.83333333333,0.0233411281701492
2,1951.91666666667,0.0244059932281077
2,1952,0.0257681727182871
2,1952.08333333333,0.0269516042400354
2,1952.16666666667,0.0279562877933536
2,1952.25,0.0287822233782369
2,1952.33333333333,0.0294294109946922
2,1952.41666666667,0.0298978506427137
2,1952.5,0.0301875423223066
2,1952.58333333333,0.0302984860334687
2,1952.66666666667,0.0302306817761972
2,1952.75,0.0299841295504937
2,1952.83333333333,0.0295588293563655
2,1952.91666666667,0.0289547811938002
2,1953,0.0281719850628086
2,1953.08333333333,0.027646534120247
2,1953.16666666667,0.0273784283661174
2,1953.25,0.0273676678004264
2,1953.33333333333,0.0276142524231613
2,1953.41666666667,0.0281181822343329
2,1953.5,0.0288794572339394
2,1953.58333333333,0.029898077421977
2,1953.66666666667,0.0311740427984472
2,1953.75,0.0327073533633503
2,1953.83333333333,0.0344980091166895
2,1953.91666666667,0.036546010058462
2,1954,0.0388513561886643
2,1954.08333333333,0.0409246424627247
2,1954.16666666667,0.0427658688806369
2,1954.25,0.0443750354424078
2,1954.33333333333,0.0457521421480298
2,1954.41666666667,0.0468971889975095
2,1954.5,0.0478101759908446
2,1954.58333333333,0.0484911031280336
2,1954.66666666667,0.0489399704090759
2,1954.75,0.0491567778339726
2,1954.83333333333,0.0491415254027273
2,1954.91666666667,0.0488942131153348
2,1955,0.0484148409717976
2,1955.08333333333,0.0478608550863422
2,1955.16666666667,0.0472322554589722
2,1955.25,0.0465290420896868
2,1955.33333333333,0.0457512149784839
2,1955.41666666667,0.0448987741253623
2,1955.5,0.0439717195303251
2,1955.58333333333,0.042970051193372
2,1955.66666666667,0.0418937691145006
2,1955.75,0.0407428732937143
2,1955.83333333333,0.039517363731012
2,1955.91666666667,0.0382172404263913
2,1956,0.0368425033798542
2,1956.08333333333,0.0356657474679787
2,1956.16666666667,0.0346869726907638
2,1956.25,0.0339061790482118
2,1956.33333333333,0.0333233665403192
2,1956.41666666667,0.0329385351670904
2,1956.5,0.0327516849285194
2,1956.58333333333,0.0327628158246125
2,1956.66666666667,0.0329719278553674
2,1956.75,0.0333790210207824
2,1956.83333333333,0.0339840953208588
2,1956.91666666667,0.0347871507555961
2,1957,0.0357881873249904
2,1957.08333333333,0.0369866831199867
2,1957.16666666667,0.0383826381405733
2,1957.25,0.0399760523867509
2,1957.33333333333,0.0417669258585249
2,1957.41666666667,0.0437552585558866
2,1957.5,0.0459410504788464
2,1957.58333333333,0.0483243016274003
2,1957.66666666667,0.0509050120015478
2,1957.75,0.0536831816012837
2,1957.83333333333,0.0566588104266189
2,1957.91666666667,0.0598318984775439
2,1958,0.0632024457540641
2,1958.08333333333,0.0660803864945726
2,1958.16666666667,0.0684657206990743
2,1958.25,0.0703584483675575
2,1958.33333333333,0.0717585695000347
2,1958.41666666667,0.0726660840964999
2,1958.5,0.0730809921569537
2,1958.58333333333,0.0730032936813968
2,1958.66666666667,0.0724329886698301
2,1958.75,0.0713700771222509
2,1958.83333333333,0.0698145590386617
2,1958.91666666667,0.0677664344190609
2,1959,0.0652257032634506
2,1959.08333333333,0.063052034405422
2,1959.16666666667,0.0612454278449782
2,1959.25,0.0598058835821158
2,1959.33333333333,0.058733401616839
2,1959.41666666667,0.0580279819491465
2,1959.5,0.0576896245790385
2,1959.58333333333,0.0577183295065113
2,1959.66666666667,0.0581140967315681
2,1959.75,0.0588769262542096
2,1959.83333333333,0.0600068180744327
2,1959.91666666667,0.061503772192242
2,1960,0.0633677886076331
2,1960.08333333333,0.0650799219925811
2,1960.16666666667,0.0666401723470808
2,1960.25,0.0680485396711375
2,1960.33333333333,0.0693050239647431
2,1960.41666666667,0.0704096252279044
2,1960.5,0.0713623434606221
2,1960.58333333333,0.0721631786628942
2,1960.66666666667,0.0728121308347181
2,1960.75,0.0733091999760957
2,1960.83333333333,0.0736543860870301
2,1960.91666666667,0.0738476891675194
2,1961,0.0738891092175591
2,1961.08333333333,0.0737997494287473
2,1961.16666666667,0.0735796098010705
2,1961.25,0.0732286903345347
2,1961.33333333333,0.0727469910291427
2,1961.41666666667,0.0721345118848947
2,1961.5,0.0713912529017823
2,1961.58333333333,0.0705172140798149
2,1961.66666666667,0.0695123954189883
2,1961.75,0.0683767969193053
2,1961.83333333333,0.0671104185807593
2,1961.91666666667,0.0657132604033562
2,1962,0.0641853223870946
2,1962.08333333333,0.0627924194772267
2,1962.16666666667,0.0615345516737507
2,1962.25,0.0604117189766627
2,1962.33333333333,0.0594239213859687
2,1962.41666666667,0.0585711589016669
2,1962.5,0.0578534315237572
2,1962.58333333333,0.057270739252238
2,1962.66666666667,0.0568230820871091
2,1962.75,0.0565104600283758
2,1962.83333333333,0.0563328730760293
2,1962.91666666667,0.0562903212300777
2,1963,0.0563828044905195
2,1963.08333333333,0.0563959256912539
2,1963.16666666667,0.0563296848322853
2,1963.25,0.056184081913614
2,1963.33333333333,0.0559591169352402
2,1963.41666666667,0.0556547898971606
2,1963.5,0.055271100799377
2,1963.58333333333,0.0548080496418908
2,1963.66666666667,0.0542656364247008
2,1963.75,0.0536438611478073
2,1963.83333333333,0.0529427238112077
2,1963.91666666667,0.0521622244149047
2,1964,0.0513023629588998
2,1964.08333333333,0.0504604123441167
2,1964.16666666667,0.0496363725705558
2,1964.25,0.0488302436382162
2,1964.33333333333,0.0480420255471007
2,1964.41666666667,0.0472717182972022
2,1964.5,0.0465193218885324
2,1964.58333333333,0.0457848363210816
2,1964.66666666667,0.0450682615948529
2,1964.75,0.0443695977098434
2,1964.83333333333,0.0436888446660594
2,1964.91666666667,0.0430260024635009
2,1965,0.0423810711021574
2,1965.08333333333,0.0417431069318043
2,1965.16666666667,0.0411121099524443
2,1965.25,0.0404880801640637
2,1965.33333333333,0.0398710175666774
2,1965.41666666667,0.0392609221602755
2,1965.5,0.0386577939448637
2,1965.58333333333,0.0380616329204348
2,1965.66666666667,0.0374724390869976
2,1965.75,0.0368902124445465
2,1965.83333333333,0.0363149529930844
2,1965.91666666667,0.0357466607326099
2,1966,0.035185335663124
2,1966.08333333333,0.0347038127846409
2,1966.16666666667,0.0343020920971785
2,1966.25,0.0339801736007176
2,1966.33333333333,0.0337380572952671
2,1966.41666666667,0.0335757431808242
2,1966.5,0.0334932312573949
2,1966.58333333333,0.0334905215249706
2,1966.66666666667,0.0335676139835577
2,1966.75,0.0337245086331503
2,1966.83333333333,0.0339612054737564
2,1966.91666666667,0.0342777045053713
2,1967,0.0346740057279967
2,1967.08333333333,0.0351184050295354
2,1967.16666666667,0.0356109024099966
2,1967.25,0.0361514978693789
2,1967.33333333333,0.0367401914076777
2,1967.41666666667,0.0373769830248978
2,1967.5,0.0380618727210353
2,1967.58333333333,0.0387948604960941
2,1967.66666666667,0.0395759463500683
2,1967.75,0.0404051302829673
2,1967.83333333333,0.0412824122947841
2,1967.91666666667,0.0422077923855175
2,1968,0.0431812705551706
2,1968.08333333333,0.0440064102427993
2,1968.16666666667,0.044683211448402
2,1968.25,0.0452116741719815
2,1968.33333333333,0.0455917984135316
2,1968.41666666667,0.0458235841730588
2,1968.5,0.0459070314505623
2,1968.58333333333,0.0458421402460368
2,1968.66666666667,0.045628910559489
2,1968.75,0.0452673423909144
2,1968.83333333333,0.0447574357403144
2,1968.91666666667,0.0440991906076895
2,1969,0.0432926069930389
2,1969.08333333333,0.042701838884157
2,1969.16666666667,0.0423268862810472
2,1969.25,0.0421677491837116
2,1969.33333333333,0.0422244275921444
2,1969.41666666667,0.0424969215063476
2,1969.5,0.0429852309263168
2,1969.58333333333,0.043689355852068
2,1969.66666666667,0.0446092962835817
2,1969.75,0.0457450522208681
2,1969.83333333333,0.0470966236639239
2,1969.91666666667,0.0486640106127533
2,1970,0.0504472130673512
2,1970.08333333333,0.0520938493722595
2,1970.16666666667,0.053603919527474
2,1970.25,0.0549774235330007
2,1970.33333333333,0.0562143613888321
2,1970.41666666667,0.0573147330949738
2,1970.5,0.058278538651422
2,1970.58333333333,0.05910577805818
2,1970.66666666667,0.0597964513152483
2,1970.75,0.060350558422623
2,1970.83333333333,0.0607680993803046
2,1970.91666666667,0.0610490741882937
2,1971,0.0611934828465952
2,1971.08333333333,0.061338406310466
2,1971.16666666667,0.061483844579909
2,1971.25,0.0616297976549161
2,1971.33333333333,0.0617762655354939
2,1971.41666666667,0.0619232482216459
2,1971.5,0.0620707457133659
2,1971.58333333333,0.0622187580106539
2,1971.66666666667,0.0623672851135138
2,1971.75,0.0625163270219424
2,1971.83333333333,0.0626658837359417
2,1971.91666666667,0.0628159552555122
2,1972,0.0629665415806537
2,1972.08333333333,0.0630418230231805
2,1972.16666666667,0.0630417995830945
2,1972.25,0.0629664712604021
2,1972.33333333333,0.0628158380550868
2,1972.41666666667,0.0625898999671682
2,1972.5,0.0622886569966341
2,1972.58333333333,0.0619121091434883
2,1972.66666666667,0.0614602564077292
2,1972.75,0.0609330987893596
2,1972.83333333333,0.0603306362883763
2,1972.91666666667,0.059652868904782
2,1973,0.0588997966385738
2,1973.08333333333,0.0581568824489615
2,1973.16666666667,0.0574241263359508
2,1973.25,0.0567015282995353
2,1973.33333333333,0.0559890883397147
2,1973.41666666667,0.0552868064564912
2,1973.5,0.0545946826498673
2,1973.58333333333,0.0539127169198382
2,1973.66666666667,0.0532409092664063
2,1973.75,0.0525792596895759
2,1973.83333333333,0.051927768189338
2,1973.91666666667,0.0512864347656989
2,1974,0.0506552594186534
2,1974.08333333333,0.0502681206446201
2,1974.16666666667,0.0501250184435972
2,1974.25,0.0502259528155868
2,1974.33333333333,0.0505709237605839
2,1974.41666666667,0.0511599312785919
2,1974.5,0.0519929753696133
2,1974.58333333333,0.0530700560336413
2,1974.66666666667,0.0543911732706818
2,1974.75,0.0559563270807311
2,1974.83333333333,0.0577655174637914
2,1974.91666666667,0.0598187444198626
2,1975,0.0621160079489468
2,1975.08333333333,0.0641719725678642
2,1975.16666666667,0.0659866382766164
2,1975.25,0.0675600050752068
2,1975.33333333333,0.0688920729636375
2,1975.41666666667,0.0699828419418997
2,1975.5,0.07083231201
2,1975.58333333333,0.071440483167938
2,1975.66666666667,0.0718073554157089
2,1975.75,0.0719329287533217
2,1975.83333333333,0.0718172031807687
2,1975.91666666667,0.0714601786980512
2,1976,0.07086185530517
2,1976.08333333333,0.0704074028223198
2,1976.16666666667,0.0700968212494945
2,1976.25,0.0699301105867003
2,1976.33333333333,0.0699072708339286
2,1976.41666666667,0.0700283019911883
2,1976.5,0.0702932040584735
2,1976.58333333333,0.0707019770357933
2,1976.66666666667,0.0712546209231356
2,1976.75,0.0719511357205094
2,1976.83333333333,0.0727915214279085
2,1976.91666666667,0.0737757780453375
2,1977,0.0749039055727957
2,1977.08333333333,0.0759855181223259
2,1977.16666666667,0.0770206156939384
2,1977.25,0.0780091982876297
2,1977.33333333333,0.0789512659033972
2,1977.41666666667,0.0798468185412451
2,1977.5,0.0806958562011706
2,1977.58333333333,0.0814983788831718
2,1977.66666666667,0.0822543865872546
2,1977.75,0.0829638793134137
2,1977.83333333333,0.0836268570616504
2,1977.91666666667,0.0842433198319676
2,1978,0.0848132676243634
2,1978.08333333333,0.0852175658860173
2,1978.16666666667,0.0854562146169427
2,1978.25,0.0855292138171313
2,1978.33333333333,0.0854365634865802
2,1978.41666666667,0.0851782636252999
2,1978.5,0.0847543142332759
2,1978.58333333333,0.0841647153105234
2,1978.66666666667,0.0834094668570317
2,1978.75,0.082488568872804
2,1978.83333333333,0.0814020213578423
2,1978.91666666667,0.080149824312146
2,1979,0.0787319777357112
2,1979.08333333333,0.0774847400446476
2,1979.16666666667,0.0764081112389578
2,1979.25,0.0755020913186382
2,1979.33333333333,0.0747666802836863
2,1979.41666666667,0.0742018781341053
2,1979.5,0.0738076848698984
2,1979.58333333333,0.0735841004910592
2,1979.66666666667,0.0735311249975921
2,1979.75,0.0736487583894917
2,1979.83333333333,0.0739370006667657
2,1979.91666666667,0.0743958518294105
2,1980,0.0750253118774247
2,1980.08333333333,0.0755084498775464
2,1980.16666666667,0.0758452658297676
2,1980.25,0.076035759734096
2,1980.33333333333,0.0760799315905291
2,1980.41666666667,0.0759777813990653
2,1980.5,0.0757293091597088
2,1980.58333333333,0.0753345148724519
2,1980.66666666667,0.0747933985373019
2,1980.75,0.0741059601542605
2,1980.83333333333,0.0732721997233162
2,1980.91666666667,0.0722921172444811
2,1981,0.0711657127177498
2,1981.08333333333,0.0705020849258116
2,1981.16666666667,0.0703012338686673
2,1981.25,0.0705631595463203
2,1981.33333333333,0.0712878619587657
2,1981.41666666667,0.07247534110601
2,1981.5,0.0741255969880456
2,1981.58333333333,0.0762386296048781
2,1981.66666666667,0.0788144389565028
2,1981.75,0.0818530250429245
2,1981.83333333333,0.0853543878641394
2,1981.91666666667,0.0893185274201498
2,1982,0.093745443710953
2,1982.08333333333,0.0978327732894388
2,1982.16666666667,0.101580516155591
2,1982.25,0.104988672309428
2,1982.33333333333,0.108057241750937
2,1982.41666666667,0.110786224480123
2,1982.5,0.113175620496984
2,1982.58333333333,0.115225429801523
2,1982.66666666667,0.116935652393735
2,1982.75,0.118306288273626
2,1982.83333333333,0.119337337441195
2,1982.91666666667,0.120028799896438
2,1983,0.120380675639355
2,1983.08333333333,0.120635376883307
2,1983.16666666667,0.120792903628289
2,1983.25,0.120853255874302
2,1983.33333333333,0.120816433621348
2,1983.41666666667,0.120682436869426
2,1983.5,0.120451265618532
2,1983.58333333333,0.120122919868672
2,1983.66666666667,0.119697399619846
2,1983.75,0.119174704872048
2,1983.83333333333,0.118554835625284
2,1983.91666666667,0.117837791879546
2,1984,0.117023573634845
2,1984.08333333333,0.116228430636761
2,1984.16666666667,0.115452362885289
2,1984.25,0.114695370380435
2,1984.33333333333,0.113957453122197
2,1984.41666666667,0.113238611110575
2,1984.5,0.112538844345568
2,1984.58333333333,0.111858152827176
2,1984.66666666667,0.111196536555404
2,1984.75,0.110553995530245
2,1984.83333333333,0.109930529751704
2,1984.91666666667,0.109326139219775
2,1985,0.108740823934467
2,1985.08333333333,0.108133623759703
2,1985.16666666667,0.10750453869549
2,1985.25,0.106853568741825
2,1985.33333333333,0.106180713898711
2,1985.41666666667,0.105485974166141
2,1985.5,0.10476934954412
2,1985.58333333333,0.10403084003265
2,1985.66666666667,0.103270445631729
2,1985.75,0.102488166341353
2,1985.83333333333,0.10168400216153
2,1985.91666666667,0.100857953092252
2,1986,0.100010019133521
2,1986.08333333333,0.0991895096911374
2,1986.16666666667,0.0983964247650901
2,1986.25,0.0976307643553874
2,1986.33333333333,0.0968925284620254
2,1986.41666666667,0.0961817170850093
2,1986.5,0.095498330224331
2,1986.58333333333,0.0948423678799938
2,1986.66666666667,0.094213830052002
2,1986.75,0.0936127167403496
2,1986.83333333333,0.0930390279450415
2,1986.91666666667,0.0924927636660713
2,1987,0.0919739239034451
2,1987.08333333333,0.0914080783278544
2,1987.16666666667,0.0907952269392975
2,1987.25,0.090135369737775
2,1987.33333333333,0.0894285067232874
2,1987.41666666667,0.0886746378958351
2,1987.5,0.0878737632554198
2,1987.58333333333,0.087025882802038
2,1987.66666666667,0.0861309965356879
2,1987.75,0.0851891044563752
2,1987.83333333333,0.0842002065640973
2,1987.91666666667,0.083164302858853
2,1988,0.0820813933406453
2,1988.08333333333,0.0810771387459087
2,1988.16666666667,0.080151539074652
2,1988.25,0.0793045943268685
2,1988.33333333333,0.078536304502566
2,1988.41666666667,0.0778466696017341
2,1988.5,0.077235689624378
2,1988.58333333333,0.0767033645704992
2,1988.66666666667,0.076249694440091
2,1988.75,0.0758746792331647
2,1988.83333333333,0.0755783189497116
2,1988.91666666667,0.0753606135897353
2,1989,0.0752215631532302
2,1989.08333333333,0.0751053049229166
2,1989.16666666667,0.0750118388987951
2,1989.25,0.0749411650808641
2,1989.33333333333,0.0748932834691225
2,1989.41666666667,0.0748681940635703
2,1989.5,0.0748658968642063
2,1989.58333333333,0.0748863918710343
2,1989.66666666667,0.0749296790840525
2,1989.75,0.0749957585032575
2,1989.83333333333,0.0750846301286575
2,1989.91666666667,0.0751962939602439
2,1990,0.0753307499980219
2,1990.08333333333,0.0756720483488427
2,1990.16666666667,0.0762201890127079
2,1990.25,0.0769751719896123
2,1990.33333333333,0.0779369972795635
2,1990.41666666667,0.0791056648825593
2,1990.5,0.0804811747985957
2,1990.58333333333,0.0820635270276751
2,1990.66666666667,0.0838527215697999
2,1990.75,0.0858487584249657
2,1990.83333333333,0.0880516375931792
2,1990.91666666667,0.0904613590744324
2,1991,0.0930779228687293
2,1991.08333333333,0.0955069751775442
2,1991.16666666667,0.0977485160008725
2,1991.25,0.0998025453387173
2,1991.33333333333,0.10166906319108
2,1991.41666666667,0.103348069557957
2,1991.5,0.104839564439351
2,1991.58333333333,0.106143547835257
2,1991.66666666667,0.107260019745684
2,1991.75,0.108188980170626
2,1991.83333333333,0.108930429110081
2,1991.91666666667,0.109484366564055
2,1992,0.109850792532543
2,1992.08333333333,0.110222835199246
2,1992.16666666667,0.110600494564164
2,1992.25,0.110983770627292
2,1992.33333333333,0.111372663388638
2,1992.41666666667,0.111767172848198
2,1992.5,0.112167299005969
2,1992.58333333333,0.112573041861953
2,1992.66666666667,0.112984401416153
2,1992.75,0.113401377668568
2,1992.83333333333,0.113823970619196
2,1992.91666666667,0.114252180268039
2,1993,0.114686006615094
2,1993.08333333333,0.114990935695413
2,1993.16666666667,0.115166967508992
2,1993.25,0.115214102055837
2,1993.33333333333,0.115132339335946
2,1993.41666666667,0.114921679349314
2,1993.5,0.114582122095947
2,1993.58333333333,0.114113667575842
2,1993.66666666667,0.113516315789003
2,1993.75,0.112790066735422
2,1993.83333333333,0.111934920415106
2,1993.91666666667,0.110950876828055
2,1994,0.109837935974262
2,1994.08333333333,0.108736879262637
2,1994.16666666667,0.107647706693175
2,1994.25,0.106570418265878
2,1994.33333333333,0.105505013980745
2,1994.41666666667,0.104451493837774
2,1994.5,0.103409857836969
2,1994.58333333333,0.102380105978329
2,1994.66666666667,0.101362238261853
2,1994.75,0.100356254687542
2,1994.83333333333,0.0993621552553943
2,1994.91666666667,0.0983799399654105
2,1995,0.0974096088175912
2,1995.08333333333,0.0965620977744767
2,1995.16666666667,0.0958374068360581
2,1995.25,0.095235536002349
2,1995.33333333333,0.0947564852733398
2,1995.41666666667,0.0944002546490357
2,1995.5,0.0941668441294322
2,1995.58333333333,0.0940562537145309
2,1995.66666666667,0.0940684834043326
2,1995.75,0.0942035331988372
2,1995.83333333333,0.0944614030980441
2,1995.91666666667,0.0948420931019535
2,1996,0.0953456032105693
2,1996.08333333333,0.0957603758866797
2,1996.16666666667,0.0960864111302916
2,1996.25,0.0963237089413993
2,1996.33333333333,0.0964722693200087
2,1996.41666666667,0.0965320922661172
2,1996.5,0.0965031777797236
2,1996.58333333333,0.0963855258608294
2,1996.66666666667,0.0961791365094344
2,1996.75,0.0958840097255402
2,1996.83333333333,0.095500145509143
2,1996.91666666667,0.0950275438602441
2,1997,0.0944662047788467
2,1997.08333333333,0.093888970319916
2,1997.16666666667,0.0932958404834565
2,1997.25,0.0926868152694624
2,1997.33333333333,0.0920618946779415
2,1997.41666666667,0.0914210787088852
2,1997.5,0.090764367362303
2,1997.58333333333,0.0900917606381857
2,1997.66666666667,0.0894032585365429
2,1997.75,0.0886988610573633
2,1997.83333333333,0.0879785682006551
2,1997.91666666667,0.0872423799664158
2,1998,0.0864902963546454
2,1998.08333333333,0.0857653244985426
2,1998.16666666667,0.0850674643981096
2,1998.25,0.0843967160533418
2,1998.33333333333,0.0837530794642441
2,1998.41666666667,0.0831365546308154
2,1998.5,0.0825471415530518
2,1998.58333333333,0.0819848402309589
2,1998.66666666667,0.0814496506645336
2,1998.75,0.0809415728537766
2,1998.83333333333,0.0804606067986865
2,1998.91666666667,0.0800067524992649
2,1999,0.0795800099555127
2,1999.08333333333,0.0791015362523928
2,1999.16666666667,0.0785713313899097
2,1999.25,0.0779893953680615
2,1999.33333333333,0.0773557281868476
2,1999.41666666667,0.076670329846266
2,1999.5,0.0759332003463228
2,1999.58333333333,0.0751443396870129
2,1999.66666666667,0.0743037478683387
2,1999.75,0.0734114248902955
2,1999.83333333333,0.0724673707528909
2,1999.91666666667,0.07147158545612
2,2000,0.0704240689999827
2,2000.08333333333,0.0695165779218375
2,2000.16666666667,0.0687491122216804
2,2000.25,0.0681216718995166
2,2000.33333333333,0.0676342569553396
2,2000.41666666667,0.0672868673891527
2,2000.5,0.0670795032009569
2,2000.58333333333,0.067012164390752
2,2000.66666666667,0.0670848509585353
2,2000.75,0.067297562904312
2,2000.83333333333,0.0676503002280765
2,2000.91666666667,0.0681430629298292
2,2001,0.0687758510095741
2,2001.08333333333,0.0693978900495357
2,2001.16666666667,0.0700091800497144
2,2001.25,0.0706097210101086
2,2001.33333333333,0.0711995129307169
2,2001.41666666667,0.0717785558115462
2,2001.5,0.0723468496525894
2,2001.58333333333,0.0729043944538498
2,2001.66666666667,0.0734511902153254
2,2001.75,0.0739872369370182
2,2001.83333333333,0.0745125346189267
2,2001.91666666667,0.0750270832610542
2,2002,0.0755308828633964
2,2002.08333333333,0.0759800622975019
2,2002.16666666667,0.0763746215633737
2,2002.25,0.0767145606610098
2,2002.33333333333,0.076999879590409
2,2002.41666666667,0.077230578351573
2,2002.5,0.077406656944502
2,2002.58333333333,0.0775281153691957
2,2002.66666666667,0.0775949536256556
2,2002.75,0.0776071717138775
2,2002.83333333333,0.0775647696338638
2,2002.91666666667,0.0774677473856146
2,2003,0.0773161049691317
2,2003.08333333333,0.0771442357689358
2,2003.16666666667,0.0769521397850247
2,2003.25,0.0767398170174078
2,2003.33333333333,0.0765072674660756
2,2003.41666666667,0.0762544911310297
2,2003.5,0.0759814880122737
2,2003.58333333333,0.0756882581098043
2,2003.66666666667,0.0753748014236225
2,2003.75,0.07504111795373
2,2003.83333333333,0.0746872077001247
2,2003.91666666667,0.0743130706628085
2,2004,0.07391870684178
2,2004.08333333333,0.0735348448741991
2,2004.16666666667,0.0731614847600678
2,2004.25,0.072798626499386
2,2004.33333333333,0.072446270092157
2,2004.41666666667,0.0721044155383751
2,2004.5,0.071773062838043
2,2004.58333333333,0.0714522119911595
2,2004.66666666667,0.0711418629977278
2,2004.75,0.0708420158577415
2,2004.83333333333,0.0705526705712083
2,2004.91666666667,0.0702738271381242
2,2005,0.0700054855584875
2,2005.08333333333,0.0697149227115591
2,2005.16666666667,0.0694021385973378
2,2005.25,0.0690671332158211
2,2005.33333333333,0.0687099065670122
2,2005.41666666667,0.068330458650909
2,2005.5,0.0679287894675124
2,2005.58333333333,0.0675048990168233
2,2005.66666666667,0.0670587872988379
2,2005.75,0.0665904543135627
2,2005.83333333333,0.0660999000609915
2,2005.91666666667,0.0655871245411267
2,2006,0.0650521277539687
2,2006.08333333333,0.0645544885014443
2,2006.16666666667,0.0640942067835492
2,2006.25,0.0636712826002879
2,2006.33333333333,0.0632857159516575
2,2006.41666666667,0.0629375068376594
2,2006.5,0.0626266552582947
2,2006.58333333333,0.0623531612135615
2,2006.66666666667,0.0621170247034586
2,2006.75,0.0619182457279889
2,2006.83333333333,0.0617568242871515
2,2006.91666666667,0.0616327603809461
2,2007,0.0615460540093718
2,2007.08333333333,0.0614144874014746
2,2007.16666666667,0.0612380605572527
2,2007.25,0.0610167734767069
2,2007.33333333333,0.0607506261598388
2,2007.41666666667,0.0604396186066459
2,2007.5,0.0600837508171288
2,2007.58333333333,0.059683022791289
2,2007.66666666667,0.0592374345291239
2,2007.75,0.0587469860306354
2,2007.83333333333,0.0582116772958258
2,2007.91666666667,0.0576315083246891
2,2008,0.057006479117229
2,2008.08333333333,0.0566932477359441
2,2008.16666666667,0.0566918141808296
2,2008.25,0.0570021784518905
2,2008.33333333333,0.057624340549124
2,2008.41666666667,0.0585583004725319
2,2008.5,0.0598040582221117
2,2008.58333333333,0.0613616137978642
2,2008.66666666667,0.0632309671997905
2,2008.75,0.06541211842789
2,2008.83333333333,0.0679050674821625
2,2008.91666666667,0.070709814362608
2,2009,0.0738263590692296
2,2009.08333333333,0.0766086091623255
2,2009.16666666667,0.0790565646418974
2,2009.25,0.0811702255079465
2,2009.33333333333,0.0829495917604726
2,2009.41666666667,0.0843946633994769
2,2009.5,0.0855054404249567
2,2009.58333333333,0.0862819228369136
2,2009.66666666667,0.0867241106353478
2,2009.75,0.0868320038202578
2,2009.83333333333,0.0866056023916441
2,2009.91666666667,0.0860449063495083
2,2010,0.0851499156938478
2,2010.08333333333,0.0842873390065368
2,2010.16666666667,0.0834571762875717
2,2010.25,0.0826594275369539
2,2010.33333333333,0.0818940927546843
2,2010.41666666667,0.0811611719407607
2,2010.5,0.0804606650951843
2,2010.58333333333,0.0797925722179556
2,2010.66666666667,0.0791568933090739
2,2010.75,0.0785536283685401
2,2010.83333333333,0.0779827773963519
2,2010.91666666667,0.0774443403925132
2,2011,0.0769383173570194
2,2011.08333333333,0.0764677408671855
2,2011.16666666667,0.0760326109230083
2,2011.25,0.0756329275244916
2,2011.33333333333,0.0752686906716323
2,2011.41666666667,0.07493990036443
2,2011.5,0.0746465566028864
2,2011.58333333333,0.0743886593870021
2,2011.66666666667,0.0741662087167756
2,2011.75,0.0739792045922062
2,2011.83333333333,0.0738276470132968
2,2011.91666666667,0.0737115359800428
2,2012,0.0736308714924502
2,2012.08333333333,0.0735423517540576
2,2012.16666666667,0.0734459767648685
2,2012.25,0.0733417465248801
2,2012.33333333333,0.0732296610340934
2,2012.41666666667,0.0731097202925105
2,2012.5,0.0729819243001292
2,2012.58333333333,0.0728462730569493
2,2012.66666666667,0.0727027665629709
2,2012.75,0.0725514048181954
2,2012.83333333333,0.0723921878226214
2,2012.91666666667,0.0722251155762516
2,2013,0.0720501880790813
2,2013.08333333333,0.0718715646303869
2,2013.16666666667,0.0716892452301705
2,2013.25,0.0715032298784295
2,2013.33333333333,0.071313518575165
2,2013.41666666667,0.0711201113203767
2,2013.5,0.0709230081140641
2,2013.58333333333,0.0707222089562276
2,2013.66666666667,0.0705177138468674
2,2013.75,0.0703095227859827
2,2013.83333333333,0.070097635773575
2,2013.91666666667,0.0698820528096434
2,2014,0.0696627738941869
2,2014.08333333333,0.0694662891105141
2,2014.16666666667,0.0692925984586238
2,2014.25,0.0691417019385158
2,2014.33333333333,0.0690135995501893
2,2014.41666666667,0.0689082912936471
2,2014.5,0.0688257771688858
2,2014.58333333333,0.0687660571759078
2,2014.66666666667,0.0687291313147133
2,2014.75,0.0687149995852998
2,2014.83333333333,0.0687236619876691
2,2014.91666666667,0.0687551185218221
2,2015,0.0688093691877555
2,2015.08333333333,0.0688590989648621
2,2015.16666666667,0.068904307853141
2,2015.25,0.0689449958525918
2,2015.33333333333,0.0689811629632163
2,2015.41666666667,0.0690128091850109
3,1976,0.071
3,1976.08333333333,0.07
3,1976.16666666667,0.067
3,1976.25,0.068
3,1976.33333333333,0.069
3,1976.41666666667,0.069
3,1976.5,0.074
3,1976.58333333333,0.071
3,1976.66666666667,0.07
3,1976.75,0.074
3,1976.83333333333,0.074
3,1976.91666666667,0.075
3,1977,0.076
3,1977.08333333333,0.079
3,1977.16666666667,0.078
3,1977.25,0.079
3,1977.33333333333,0.078
3,1977.41666666667,0.078
3,1977.5,0.081
3,1977.58333333333,0.082
3,1977.66666666667,0.083
3,1977.75,0.084
3,1977.83333333333,0.085
3,1977.91666666667,0.085
3,1978,0.083
3,1978.08333333333,0.083
3,1978.16666666667,0.085
3,1978.25,0.084
3,1978.33333333333,0.086
3,1978.41666666667,0.084
3,1978.5,0.083
3,1978.58333333333,0.084
3,1978.66666666667,0.084
3,1978.75,0.082
3,1978.83333333333,0.083
3,1978.91666666667,0.083
3,1979,0.082
3,1979.08333333333,0.08
3,1979.16666666667,0.079
3,1979.25,0.08
3,1979.33333333333,0.076
3,1979.41666666667,0.074
3,1979.5,0.072
3,1979.58333333333,0.071
3,1979.66666666667,0.07
3,1979.75,0.072
3,1979.83333333333,0.072
3,1979.91666666667,0.072
3,1980,0.075
3,1980.08333333333,0.076
3,1980.16666666667,0.076
3,1980.25,0.077
3,1980.33333333333,0.078
3,1980.41666666667,0.077
3,1980.5,0.076
3,1980.58333333333,0.076
3,1980.66666666667,0.073
3,1980.75,0.073
3,1980.83333333333,0.072
3,1980.91666666667,0.073
3,1981,0.074
3,1981.08333333333,0.074
3,1981.16666666667,0.074
3,1981.25,0.071
3,1981.33333333333,0.072
3,1981.41666666667,0.072
3,1981.5,0.072
3,1981.58333333333,0.071
3,1981.66666666667,0.081
3,1981.75,0.083
3,1981.83333333333,0.083
3,1981.91666666667,0.087
3,1982,0.086
3,1982.08333333333,0.089
3,1982.16666666667,0.093
3,1982.25,0.098
3,1982.33333333333,0.103
3,1982.41666666667,0.111
3,1982.5,0.119
3,1982.58333333333,0.12
3,1982.66666666667,0.124
3,1982.75,0.129
3,1982.83333333333,0.129
3,1982.91666666667,0.131
3,1983,0.127
3,1983.08333333333,0.127
3,1983.16666666667,0.125
3,1983.25,0.124
3,1983.33333333333,0.124
3,1983.41666666667,0.124
3,1983.5,0.119
3,1983.58333333333,0.117
3,1983.66666666667,0.114
3,1983.75,0.113
3,1983.83333333333,0.113
3,1983.91666666667,0.113
3,1984,0.113
3,1984.08333333333,0.113
3,1984.16666666667,0.113
3,1984.25,0.115
3,1984.33333333333,0.117
3,1984.41666666667,0.113
3,1984.5,0.112
3,1984.58333333333,0.113
3,1984.66666666667,0.118
3,1984.75,0.113
3,1984.83333333333,0.114
3,1984.91666666667,0.111
3,1985,0.106
3,1985.08333333333,0.108
3,1985.16666666667,0.11
3,1985.25,0.108
3,1985.33333333333,0.106
3,1985.41666666667,0.107
3,1985.5,0.104
3,1985.58333333333,0.103
3,1985.66666666667,0.102
3,1985.75,0.103
3,1985.83333333333,0.103
3,1985.91666666667,0.101
3,1986,0.098
3,1986.08333333333,0.099
3,1986.16666666667,0.098
3,1986.25,0.097
3,1986.33333333333,0.095
3,1986.41666666667,0.096
3,1986.5,0.096
3,1986.58333333333,0.096
3,1986.66666666667,0.095
3,1986.75,0.094
3,1986.83333333333,0.094
3,1986.91666666667,0.095
3,1987,0.095
3,1987.08333333333,0.095
3,1987.16666666667,0.094
3,1987.25,0.092
3,1987.33333333333,0.089
3,1987.41666666667,0.089
3,1987.5,0.087
3,1987.58333333333,0.086
3,1987.66666666667,0.084
3,1987.75,0.083
3,1987.83333333333,0.082
3,1987.91666666667,0.08
3,1988,0.081
3,1988.08333333333,0.078
3,1988.16666666667,0.078
3,1988.25,0.077
3,1988.33333333333,0.078
3,1988.41666666667,0.076
3,1988.5,0.078
3,1988.58333333333,0.078
3,1988.66666666667,0.078
3,1988.75,0.078
3,1988.83333333333,0.078
3,1988.91666666667,0.075
3,1989,0.075
3,1989.08333333333,0.076
3,1989.16666666667,0.075
3,1989.25,0.078
3,1989.33333333333,0.077
3,1989.41666666667,0.075
3,1989.5,0.075
3,1989.58333333333,0.073
3,1989.66666666667,0.073
3,1989.75,0.072
3,1989.83333333333,0.075
3,1989.91666666667,0.077
3,1990,0.079
3,1990.08333333333,0.077
3,1990.16666666667,0.073
3,1990.25,0.076
3,1990.33333333333,0.078
3,1990.41666666667,0.076
3,1990.5,0.079
3,1990.58333333333,0.081
3,1990.66666666667,0.085
3,1990.75,0.088
3,1990.83333333333,0.091
3,1990.91666666667,0.095
3,1991,0.098
3,1991.08333333333,0.102
3,1991.16666666667,0.105
3,1991.25,0.103
3,1991.33333333333,0.102
3,1991.41666666667,0.105
3,1991.5,0.105
3,1991.58333333333,0.105
3,1991.66666666667,0.103
3,1991.75,0.103
3,1991.83333333333,0.104
3,1991.91666666667,0.103
3,1992,0.104
3,1992.08333333333,0.105
3,1992.16666666667,0.109
3,1992.25,0.107
3,1992.33333333333,0.109
3,1992.41666666667,0.114
3,1992.5,0.113
3,1992.58333333333,0.117
3,1992.66666666667,0.116
3,1992.75,0.114
3,1992.83333333333,0.121
3,1992.91666666667,0.117
3,1993,0.112
3,1993.08333333333,0.11
3,1993.16666666667,0.112
3,1993.25,0.116
3,1993.33333333333,0.116
3,1993.41666666667,0.117
3,1993.5,0.116
3,1993.58333333333,0.112
3,1993.66666666667,0.115
3,1993.75,0.113
3,1993.83333333333,0.112
3,1993.91666666667,0.114
3,1994,0.114
3,1994.08333333333,0.111
3,1994.16666666667,0.106
3,1994.25,0.109
3,1994.33333333333,0.107
3,1994.41666666667,0.103
3,1994.5,0.101
3,1994.58333333333,0.102
3,1994.66666666667,0.101
3,1994.75,0.1
3,1994.83333333333,0.097
3,1994.91666666667,0.096
3,1995,0.096
3,1995.08333333333,0.096
3,1995.16666666667,0.097
3,1995.25,0.095
3,1995.33333333333,0.095
3,1995.41666666667,0.095
3,1995.5,0.096
3,1995.58333333333,0.095
3,1995.66666666667,0.092
3,1995.75,0.093
3,1995.83333333333,0.092
3,1995.91666666667,0.094
3,1996,0.094
3,1996.08333333333,0.095
3,1996.16666666667,0.096
3,1996.25,0.093
3,1996.33333333333,0.092
3,1996.41666666667,0.098
3,1996.5,0.097
3,1996.58333333333,0.094
3,1996.66666666667,0.099
3,1996.75,0.099
3,1996.83333333333,0.099
3,1996.91666666667,0.097
3,1997,0.095
3,1997.08333333333,0.095
3,1997.16666666667,0.093
3,1997.25,0.094
3,1997.33333333333,0.094
3,1997.41666666667,0.091
3,1997.5,0.089
3,1997.58333333333,0.089
3,1997.66666666667,0.088
3,1997.75,0.089
3,1997.83333333333,0.089
3,1997.91666666667,0.085
3,1998,0.088
3,1998.08333333333,0.086
3,1998.16666666667,0.084
3,1998.25,0.083
3,1998.33333333333,0.083
3,1998.41666666667,0.084
3,1998.5,0.083
3,1998.58333333333,0.081
3,1998.66666666667,0.082
3,1998.75,0.08
3,1998.83333333333,0.08
3,1998.91666666667,0.081
3,1999,0.079
3,1999.08333333333,0.079
3,1999.16666666667,0.079
3,1999.25,0.082
3,1999.33333333333,0.079
3,1999.41666666667,0.076
3,1999.5,0.076
3,1999.58333333333,0.074
3,1999.66666666667,0.075
3,1999.75,0.072
3,1999.83333333333,0.069
3,1999.91666666667,0.068
3,2000,0.068
3,2000.08333333333,0.069
3,2000.16666666667,0.069
3,2000.25,0.067
3,2000.33333333333,0.066
3,2000.41666666667,0.067
3,2000.5,0.068
3,2000.58333333333,0.07
3,2000.66666666667,0.069
3,2000.75,0.07
3,2000.83333333333,0.069
3,2000.91666666667,0.068
3,2001,0.069
3,2001.08333333333,0.07
3,2001.16666666667,0.071
3,2001.25,0.071
3,2001.33333333333,0.07
3,2001.41666666667,0.072
3,2001.5,0.071
3,2001.58333333333,0.072
3,2001.66666666667,0.072
3,2001.75,0.073
3,2001.83333333333,0.075
3,2001.91666666667,0.081
3,2002,0.08
3,2002.08333333333,0.079
3,2002.16666666667,0.079
3,2002.25,0.077
3,2002.33333333333,0.077
3,2002.41666666667,0.077
3,2002.5,0.076
3,2002.58333333333,0.074
3,2002.66666666667,0.075
3,2002.75,0.075
3,2002.83333333333,0.075
3,2002.91666666667,0.076
3,2003,0.074
3,2003.08333333333,0.074
3,2003.16666666667,0.074
3,2003.25,0.076
3,2003.33333333333,0.078
3,2003.41666666667,0.076
3,2003.5,0.076
3,2003.58333333333,0.078
3,2003.66666666667,0.079
3,2003.75,0.076
3,2003.83333333333,0.074
3,2003.91666666667,0.074
3,2004,0.073
3,2004.08333333333,0.074
3,2004.16666666667,0.073
3,2004.25,0.072
3,2004.33333333333,0.071
3,2004.41666666667,0.072
3,2004.5,0.07
3,2004.58333333333,0.07
3,2004.66666666667,0.07
3,2004.75,0.071
3,2004.83333333333,0.072
3,2004.91666666667,0.071
3,2005,0.069
3,2005.08333333333,0.07
3,2005.16666666667,0.069
3,2005.25,0.068
3,2005.33333333333,0.07
3,2005.41666666667,0.068
3,2005.5,0.067
3,2005.58333333333,0.067
3,2005.66666666667,0.067
3,2005.75,0.067
3,2005.83333333333,0.063
3,2005.91666666667,0.066
3,2006,0.066
3,2006.08333333333,0.064
3,2006.16666666667,0.064
3,2006.25,0.063
3,2006.33333333333,0.061
3,2006.41666666667,0.061
3,2006.5,0.064
3,2006.58333333333,0.064
3,2006.66666666667,0.064
3,2006.75,0.061
3,2006.83333333333,0.062
3,2006.91666666667,0.061
3,2007,0.062
3,2007.08333333333,0.062
3,2007.16666666667,0.061
3,2007.25,0.062
3,2007.33333333333,0.06
3,2007.41666666667,0.061
3,2007.5,0.06
3,2007.58333333333,0.059
3,2007.66666666667,0.059
3,2007.75,0.058
3,2007.83333333333,0.06
3,2007.91666666667,0.06
3,2008,0.059
3,2008.08333333333,0.059
3,2008.16666666667,0.061
3,2008.25,0.06
3,2008.33333333333,0.06
3,2008.41666666667,0.06
3,2008.5,0.061
3,2008.58333333333,0.061
3,2008.66666666667,0.061
3,2008.75,0.062
3,2008.83333333333,0.066
3,2008.91666666667,0.069
3,2009,0.074
3,2009.08333333333,0.08
3,2009.16666666667,0.081
3,2009.25,0.083
3,2009.33333333333,0.086
3,2009.41666666667,0.087
3,2009.5,0.087
3,2009.58333333333,0.087
3,2009.66666666667,0.084
3,2009.75,0.084
3,2009.83333333333,0.085
3,2009.91666666667,0.085
3,2010,0.083
3,2010.08333333333,0.082
3,2010.16666666667,0.082
3,2010.25,0.081
3,2010.33333333333,0.08
3,2010.41666666667,0.079
3,2010.5,0.081
3,2010.58333333333,0.081
3,2010.66666666667,0.081
3,2010.75,0.078
3,2010.83333333333,0.076
3,2010.91666666667,0.076
3,2011,0.077
3,2011.08333333333,0.077
3,2011.16666666667,0.077
3,2011.25,0.076
3,2011.33333333333,0.075
3,2011.41666666667,0.075
3,2011.5,0.073
3,2011.58333333333,0.073
3,2011.66666666667,0.074
3,2011.75,0.074
3,2011.83333333333,0.075
3,2011.91666666667,0.074
3,2012,0.076
3,2012.08333333333,0.075
3,2012.16666666667,0.073
3,2012.25,0.073
3,2012.33333333333,0.074
3,2012.41666666667,0.072
3,2012.5,0.073
3,2012.58333333333,0.072
3,2012.66666666667,0.073
3,2012.75,0.074
3,2012.83333333333,0.072
3,2012.91666666667,0.072
3,2013,0.071
3,2013.08333333333,0.071
3,2013.16666666667,0.073
3,2013.25,0.071
3,2013.33333333333,0.07
3,2013.41666666667,0.071
3,2013.5,0.072
3,2013.58333333333,0.071
3,2013.66666666667,0.07
3,2013.75,0.07
3,2013.83333333333,0.07
3,2013.91666666667,0.072
3,2014,0.07
3,2014.08333333333,0.07
3,2014.16666666667,0.07
3,2014.25,0.07
3,2014.33333333333,0.07
3,2014.41666666667,0.07
3,2014.5,0.071
3,2014.58333333333,0.07
3,2014.66666666667,0.069
3,2014.75,0.067
3,2014.83333333333,0.067
3,2014.91666666667,0.067
3,2015,0.066
3,2015.08333333333,0.068
3,2015.16666666667,0.068
3,2015.25,0.068
3,2015.33333333333,0.068
3,2015.41666666667,0.069
3,2015.5,0.068
3,2015.58333333333,0.07
3,2015.66666666667,0.071
3,2015.75,0.07
3,2015.83333333333,0.071
3,2015.91666666667,0.071
3,2016,0.072
3,2016.08333333333,0.073
3,2016.16666666667,0.071
3,2016.25,0.071
3,2016.33333333333,0.069
3,2016.41666666667,0.068
3,2016.5,0.07
3,2016.58333333333,0.069
3,2016.66666666667,0.069
3,2016.75,0.069
3,2016.83333333333,0.069
3,2016.91666666667,0.069
3,2017,0.067
3,2017.08333333333,0.066
3,2017.16666666667,0.067
3,2017.25,0.065
3,2017.33333333333,0.066
3,2017.41666666667,0.064
3,2017.5,0.063
3,2017.58333333333,0.061
3,2017.66666666667,0.062
3,2017.75,0.062
3,2017.83333333333,0.06
3,2017.91666666667,0.058
3,2018,0.058
3,2018.08333333333,0.058
3,2018.16666666667,0.058
3,2018.25,0.059
3,2018.33333333333,0.059
3,2018.41666666667,0.06
3,2018.5,0.058
3,2018.58333333333,0.06
3,2018.66666666667,0.059
3,2018.75,0.058
3,2018.83333333333,0.056
3,2018.91666666667,0.057
3,2019,0.058
3,2019.08333333333,0.058
3,2019.16666666667,0.057
3,2019.25,0.057
3,2019.33333333333,0.054
3,2019.41666666667,0.056
3,2019.5,0.057
3,2019.58333333333,0.057
3,2019.66666666667,0.055
3,2019.75,0.056
3,2019.83333333333,0.059
3,2019.91666666667,0.056
3,2020,0.055
3,2020.08333333333,0.056
3,2020.16666666667,0.078
3,2020.25,0.13
